{"mean":{"confidence_interval":{"confidence_level":0.95,"lower_bound":-0.2551935777278652,"upper_bound":-0.1845863485173074},"point_estimate":-0.22037983326351585,"standard_error":0.01801306779578468},"median":{"confidence_interval":{"confidence_level":0.95,"lower_bound":-0.2496399760246033,"upper_bound":-0.20095033803161672},"point_estimate":-0.2358402931518382,"standard_error":0.01296212764970328}}