{"mean":{"confidence_interval":{"confidence_level":0.95,"lower_bound":-0.03183232762824315,"upper_bound":0.0012190475154080943},"point_estimate":-0.015564287618849093,"standard_error":0.008413090735471555},"median":{"confidence_interval":{"confidence_level":0.95,"lower_bound":-0.03911248850674276,"upper_bound":-0.001705144781318113},"point_estimate":-0.027899034818834823,"standard_error":0.010070231133271603}}