{"mean":{"confidence_interval":{"confidence_level":0.95,"lower_bound":-0.3209881986541007,"upper_bound":-0.2711449355776128},"point_estimate":-0.2961170283104544,"standard_error":0.012666812150887732},"median":{"confidence_interval":{"confidence_level":0.95,"lower_bound":-0.3221504500742389,"upper_bound":-0.28059191262867533},"point_estimate":-0.2976464852110936,"standard_error":0.009483898481164661}}